pair,surface,thresh,cesf,ret_pct,trades,win,dd,ending
BTCUSDT,perps,,,0.27,38,0.53,-0.67,802
ETHUSDT,perps,,,4.69,48,0.50,-0.72,838
SOLUSDT,perps,,,6.45,44,0.57,-1.41,852
BNBUSDT,perps,,,1.23,47,0.49,-1.41,810
AVAXUSDT,perps,,,4.79,43,0.58,-1.14,838
ARBUSDT,perps,,,11.21,43,0.51,-4.58,890
OPUSDT,perps,,,5.30,48,0.54,-1.86,842
ADAUSDT,perps,,,2.02,46,0.43,-1.93,816
BTCUSDT,options,,,133.78,31,0.45,-11.34,1870
ETHUSDT,options,,,82.16,38,0.37,-10.01,1457
SOLUSDT,options,,,241.17,41,0.54,-10.48,2729
BNBUSDT,options,,,108.14,37,0.43,-10.33,1665
AVAXUSDT,options,,,525.09,42,0.52,-4.76,5001
ARBUSDT,options,,,164.39,36,0.50,-5.47,2115
OPUSDT,options,,,120.50,43,0.40,-14.59,1764
ADAUSDT,options,,,27.50,40,0.40,-14.24,1020
